"GroupID","GroupLevel","Numerator","Denominator","Metric","Score","Flag"
"China","Country",11865,213145,0.0556663304323348,-1.37405825928678,-1
"Japan","Country",11983,213006,0.0562566312686028,0.973682421223515,0
"US","Country",11716,208787,0.056114604836508,0.404853606487693,0
